{
	"name": "greenhouse_glass",
	"ctm": {
		"id": "seasons:greenhouse_glass",
		"start": 0,
		"connect": "block",
		"condition": "textures/block/greenhouse_glass.png"
	},
	"slice": {
		"start": 0,
		"height": 1,
		"width": 1
	},
	"map": "012345678",
	"features": [
		"0123 5678",
		"0113  677",
		"111   777",
		"112  5778",
		"0113  3 8",
		"112  56 5",
		"3 23  3 8",
		"111   6 8",
		"0     6 8",
		"0 2   6  ",
		"  2     8",
		"      6 8",
		"0123 56 8",
		"0113  6  ",
		"111      ",
		"112  5  5",
		"3 23  677",
		"0 5  5778",
		"0 2   777",
		"0 5  56 5",
		"  2   6 8",
		"0 2     8",
		"0 2      ",
		"0     6  ",
		"3 53 53 5",
		"3  3  3  ",
		"         ",
		"  5  5  5",
		"3 23  3  ",
		"111     8",
		"3  3  3 8",
		"111   6  ",
		"        8",
		"      6  ",
		"0       8",
		"  2   6  ",
		"3 53 5678",
		"3  3  678",
		"      777",
		"  5  5778",
		"0     777",
		"  5  56 5",
		"  2   777",
		"0 5  5  5",
		"  2      ",
		"0        ",
		"8 6   2 0"
	]
}
